date_k;price_ram;Date;Price_gold;process nodes(nm)
01.01.1960;5242880;1960-01;35.090;10000
01.01.1960;5199538,867;1960-02;35.090;10000
01.01.1960;5156197,733;1960-03;35.090;10000
01.01.1960;5112856,6;1960-04;35.110;10000
01.01.1960;5069515,467;1960-05;35.100;10000
01.01.1960;5026174,333;1960-06;35.090;10000
01.01.1960;4982833,2;1960-07;35.100;10000
01.01.1960;4939492,067;1960-08;35.130;10000
01.01.1960;4896150,933;1960-09;35.220;10000
01.01.1960;4852809,8;1960-10;35.780;10000
01.01.1960;4809468,667;1960-11;35.820;10000
01.01.1960;4766127,533;1960-12;35.540;10000
01.01.1960;4722786,4;1961-01;35.560;10000
01.01.1960;4679445,267;1961-02;35.170;10000
01.01.1960;4636104,133;1961-03;35.080;10000
01.01.1960;4592763;1961-04;35.080;10000
01.01.1960;4549421,867;1961-05;35.060;10000
01.01.1960;4506080,733;1961-06;35.070;10000
01.01.1960;4462739,6;1961-07;35.110;10000
01.01.1960;4419398,467;1961-08;35.160;10000
01.01.1960;4376057,333;1961-09;35.190;10000
01.01.1960;4332716,2;1961-10;35.190;10000
01.01.1960;4289375,067;1961-11;35.190;10000
01.01.1960;4246033,933;1961-12;35.150;10000
01.01.1960;4202692,8;1962-01;35.160;10000
01.01.1960;4159351,667;1962-02;35.130;10000
01.01.1960;4116010,533;1962-03;35.090;10000
01.01.1960;4072669,4;1962-04;35.080;10000
01.01.1960;4029328,267;1962-05;35.080;10000
01.01.1960;3985987,133;1962-06;35.100;10000
01.01.1960;3942646;1962-07;35.120;10000
01.01.1960;3899304,867;1962-08;35.120;10000
01.01.1960;3855963,733;1962-09;35.130;10000
01.01.1960;3812622,6;1962-10;35.140;10000
01.01.1960;3769281,467;1962-11;35.090;10000
01.01.1960;3725940,333;1962-12;35.080;10000
01.01.1960;3682599,2;1963-01;35.060;10000
01.01.1960;3639258,067;1963-02;35.080;10000
01.01.1960;3595916,933;1963-03;35.100;10000
01.01.1960;3552575,8;1963-04;35.100;10000
01.01.1960;3509234,667;1963-05;35.080;10000
01.01.1960;3465893,533;1963-06;35.080;10000
01.01.1960;3422552,4;1963-07;35.090;10000
01.01.1960;3379211,267;1963-08;35.100;10000
01.01.1960;3335870,133;1963-09;35.080;10000
01.01.1960;3292529;1963-10;35.080;10000
01.01.1960;3249187,867;1963-11;35.080;10000
01.01.1960;3205846,733;1963-12;35.080;10000
01.01.1960;3162505,6;1964-01;35.080;10000
01.01.1960;3119164,467;1964-02;35.080;10000
01.01.1960;3075823,333;1964-03;35.080;10000
01.01.1960;3032482,2;1964-04;35.080;10000
01.01.1960;2989141,067;1964-05;35.080;10000
01.01.1960;2945799,933;1964-06;35.080;10000
01.01.1960;2902458,8;1964-07;35.080;10000
01.01.1960;2859117,667;1964-08;35.080;10000
01.01.1960;2815776,533;1964-09;35.090;10000
01.01.1960;2772435,4;1964-10;35.110;10000
01.01.1960;2729094,267;1964-11;35.100;10000
01.01.1960;2685753,133;1964-12;35.120;10000
01.01.1965;2642412;1965-01;35.130;10000
01.01.1965;2610605,183;1965-02;35.140;10000
01.01.1965;2578798,367;1965-03;35.160;10000
01.01.1965;2546991,55;1965-04;35.140;10000
01.01.1965;2515184,733;1965-05;35.100;10000
01.01.1965;2483377,917;1965-06;35.100;10000
01.01.1965;2451571,1;1965-07;35.120;10000
01.01.1965;2419764,283;1965-08;35.150;10000
01.01.1965;2387957,467;1965-09;35.140;10000
01.01.1965;2356150,65;1965-10;35.110;10000
01.01.1965;2324343,833;1965-11;35.110;10000
01.01.1965;2292537,017;1965-12;35.130;10000
01.01.1965;2260730,2;1966-01;35.150;10000
01.01.1965;2228923,383;1966-02;35.170;10000
01.01.1965;2197116,567;1966-03;35.150;10000
01.01.1965;2165309,75;1966-04;35.130;10000
01.01.1965;2133502,933;1966-05;35.120;10000
01.01.1965;2101696,117;1966-06;35.150;10000
01.01.1965;2069889,3;1966-07;35.180;10000
01.01.1965;2038082,483;1966-08;35.180;10000
01.01.1965;2006275,667;1966-09;35.190;10000
01.01.1965;1974468,85;1966-10;35.160;10000
01.01.1965;1942662,033;1966-11;35.160;10000
01.01.1965;1910855,217;1966-12;35.180;10000
01.01.1965;1879048,4;1967-01;35.180;10000
01.01.1965;1847241,583;1967-02;35.170;10000
01.01.1965;1815434,767;1967-03;35.160;10000
01.01.1965;1783627,95;1967-04;35.170;10000
01.01.1965;1751821,133;1967-05;35.180;10000
01.01.1965;1720014,317;1967-06;35.190;10000
01.01.1965;1688207,5;1967-07;35.190;10000
01.01.1965;1656400,683;1967-08;35.190;10000
01.01.1965;1624593,867;1967-09;35.190;10000
01.01.1965;1592787,05;1967-10;35.190;10000
01.01.1965;1560980,233;1967-11;35.200;10000
01.01.1965;1529173,417;1967-12;35.190;10000
01.01.1965;1497366,6;1968-01;35.180;10000
01.01.1965;1465559,783;1968-02;35.200;10000
01.01.1965;1433752,967;1968-03;35.200;10000
01.01.1965;1401946,15;1968-04;37.878;10000
01.01.1965;1370139,333;1968-05;40.691;10000
01.01.1965;1338332,517;1968-06;41.111;10000
01.01.1965;1306525,7;1968-07;39.530;10000
01.01.1965;1274718,883;1968-08;39.170;10000
01.01.1965;1242912,067;1968-09;40.203;10000
01.01.1965;1211105,25;1968-10;39.210;10000
01.01.1965;1179298,433;1968-11;39.795;10000
01.01.1965;1147491,617;1968-12;41.113;10000
01.01.1965;1115684,8;1969-01;42.291;10000
01.01.1965;1083877,983;1969-02;42.616;10000
01.01.1965;1052071,167;1969-03;43.171;10000
01.01.1965;1020264,35;1969-04;43.295;10000
01.01.1965;988457,5333;1969-05;43.461;10000
01.01.1965;956650,7167;1969-06;41.442;10000
01.01.1965;924843,9;1969-07;41.755;10000
01.01.1965;893037,0833;1969-08;41.128;10000
01.01.1965;861230,2667;1969-09;40.865;10000
01.01.1965;829423,45;1969-10;40.476;10000
01.01.1965;797616,6333;1969-11;37.452;10000
01.01.1965;765809,8167;1969-12;35.189;10000
01.01.1970;734003;1970-01;34.946;8000
01.01.1970;724707,3611;1970-02;34.994;8000
01.01.1970;715411,7222;1970-03;35.089;8000
01.01.1970;706116,0833;1970-04;35.623;8000
01.01.1970;696820,4444;1970-05;35.958;8000
01.01.1970;687524,8056;1970-06;35.437;8000
01.01.1970;678229,1667;1970-07;35.329;8000
01.01.1970;668933,5278;1970-08;35.377;8000
01.01.1970;659637,8889;1970-09;36.196;8000
01.01.1970;650342,25;1970-10;37.553;8000
01.01.1970;641046,6111;1970-11;37.455;8000
01.01.1970;631750,9722;1970-12;37.434;8000
01.01.1970;622455,3333;1971-01;37.868;8000
01.01.1970;613159,6944;1971-02;38.716;8000
01.01.1970;603864,0556;1971-03;38.873;8000
01.01.1970;594568,4167;1971-04;39.001;8000
01.01.1970;585272,7778;1971-05;40.493;8000
01.01.1970;575977,1389;1971-06;40.105;8000
01.01.1970;566681,5;1971-07;40.929;8000
01.01.1970;557385,8611;1971-08;42.722;8000
01.01.1970;548090,2222;1971-09;41.976;8000
01.01.1970;538794,5833;1971-10;42.473;8000
01.01.1970;529498,9444;1971-11;42.842;8000
01.01.1970;520203,3056;1971-12;43.455;8000
01.01.1970;510907,6667;1972-01;45.640;8000
01.01.1970;501612,0278;1972-02;48.237;8000
01.01.1970;492316,3889;1972-03;48.288;8000
01.01.1970;483020,75;1972-04;49.026;8000
01.01.1970;473725,1111;1972-05;54.500;8000
01.01.1970;464429,4722;1972-06;62.170;8000
01.01.1970;455133,8333;1972-07;65.558;8000
01.01.1970;445838,1944;1972-08;66.917;8000
01.01.1970;436542,5556;1972-09;65.589;8000
01.01.1970;427246,9167;1972-10;64.824;8000
01.01.1970;417951,2778;1972-11;62.726;8000
01.01.1970;408655,6389;1972-12;63.779;8000
01.01.1973;399360;1973-01;65.127;8000
01.01.1973;392294,4167;1973-02;73.971;8000
01.01.1973;385228,8333;1973-03;84.105;8000
01.01.1973;378163,25;1973-04;90.441;8000
01.01.1973;371097,6667;1973-05;101.623;8000
01.01.1973;364032,0833;1973-06;119.800;8000
01.01.1973;356966,5;1973-07;120.364;8000
01.01.1973;349900,9167;1973-08;106.225;8000
01.01.1973;342835,3333;1973-09;103.034;8000
01.01.1973;335769,75;1973-10;99.923;8000
01.01.1973;328704,1667;1973-11;94.645;8000
01.01.1973;321638,5833;1973-12;106.236;8000
01.01.1974;314573;1974-01;129.027;6000
01.01.1974;303377,25;1974-02;150.000;6000
01.01.1974;292181,5;1974-03;168.298;6000
01.01.1974;280985,75;1974-04;172.243;6000
01.01.1974;269790;1974-05;163.568;6000
01.01.1974;258594,25;1974-06;154.013;6000
01.01.1974;247398,5;1974-07;142.283;6000
01.01.1974;236202,75;1974-08;154.362;6000
01.01.1974;225007;1974-09;151.660;6000
01.01.1974;213811,25;1974-10;158.533;6000
01.01.1974;202615,5;1974-11;181.483;6000
01.01.1974;191419,75;1974-12;183.683;6000
29.01.1975;180224;1975-01;176.864;3000
29.01.1975;142677,3333;1975-02;179.553;3000
29.01.1975;105130,6667;1975-03;178.203;3000
01.04.1975;67584;1975-04;170.066;3000
01.04.1975;64640;1975-05;167.293;3000
01.04.1975;61696;1975-06;164.250;3000
01.04.1975;58752;1975-07;164.867;3000
01.04.1975;55808;1975-08;163.168;3000
01.04.1975;52864;1975-09;144.311;3000
01.10.1975;49920;1975-10;142.691;3000
01.10.1975;46848;1975-11;142.565;3000
01.10.1975;43776;1975-12;139.279;3000
01.01.1976;40704;1976-01;131.695;3000
01.01.1976;44832;1976-02;130.940;3000
03.03.1976;48960;1976-03;132.676;3000
03.03.1976;40320;1976-04;127.910;3000
03.03.1976;31680;1976-05;126.913;3000
02.06.1976;23040;1976-06;125.684;3000
30.07.1976;32000;1976-07;117.866;3000
30.07.1976;32800;1976-08;110.055;3000
30.07.1976;33600;1976-09;114.098;3000
30.07.1976;34400;1976-10;116.095;3000
30.07.1976;35200;1976-11;130.341;3000
30.07.1976;36000;1976-12;133.674;3000
29.01.1977;36800;1977-01;132.306;3000
29.01.1977;36171,42857;1977-02;136.163;3000
29.01.1977;35542,85714;1977-03;148.339;3000
29.01.1977;34914,28571;1977-04;149.184;3000
29.01.1977;34285,71429;1977-05;146.536;3000
29.01.1977;33657,14286;1977-06;140.828;3000
29.01.1977;33028,57143;1977-07;143.383;3000
29.01.1977;32400;1977-08;145.009;3000
29.01.1977;31771,42857;1977-09;149.334;3000
29.01.1977;31142,85714;1977-10;158.848;3000
29.01.1977;30514,28571;1977-11;162.132;3000
29.01.1977;29885,71429;1977-12;160.480;3000
29.01.1977;29257,14286;1978-01;173.207;3000
29.01.1977;28628,57143;1978-02;178.360;3000
03.03.1978;28000;1978-03;183.771;3000
01.04.1978;29440;1978-04;175.323;3000
01.05.1978;19200;1978-05;176.190;3000
01.05.1978;17600;1978-06;183.761;3000
30.07.1978;16000;1978-07;188.569;3000
30.07.1978;15733,33333;1978-08;206.455;3000
30.07.1978;15466,66667;1978-09;212.212;3000
01.10.1978;15200;1978-10;227.432;3000
01.10.1978;13642,66667;1978-11;207.082;3000
01.10.1978;12085,33333;1978-12;207.895;3000
01.01.1979;10528;1979-01;226.986;3000
01.01.1979;10103,11111;1979-02;245.590;3000
01.01.1979;9678,222222;1979-03;242.348;3000
01.01.1979;9253,333333;1979-04;239.174;3000
01.01.1979;8828,444444;1979-05;257.738;3000
01.01.1979;8403,555556;1979-06;279.360;3000
01.01.1979;7978,666667;1979-07;295.009;3000
01.01.1979;7553,777778;1979-08;300.793;3000
01.01.1979;7128,888889;1979-09;354.498;3000
01.10.1979;6704;1979-10;390.959;3000
01.10.1979;6629,333333;1979-11;391.518;3000
01.10.1979;6554,666667;1979-12;463.666;3000
01.01.1980;6480;1980-01;674.580;3000
01.01.1980;6673,333333;1980-02;665.893;3000
01.01.1980;6866,666667;1980-03;554.276;3000
01.01.1980;7060;1980-04;516.710;3000
01.01.1980;7253,333333;1980-05;514.268;3000
01.01.1980;7446,666667;1980-06;600.786;3000
01.01.1980;7640;1980-07;645.750;3000
01.01.1980;7833,333333;1980-08;626.360;3000
01.01.1980;8026,666667;1980-09;673.941;3000
01.01.1980;8220;1980-10;662.270;3000
01.01.1980;8413,333333;1980-11;623.875;3000
01.01.1980;8606,666667;1980-12;596.712;3000
01.01.1981;8800;1981-01;557.813;3000
01.01.1981;8079,833333;1981-02;500.800;3000
01.01.1981;7359,666667;1981-03;499.693;3000
01.01.1981;6639,5;1981-04;496.625;3000
01.01.1981;5919,333333;1981-05;480.316;3000
01.01.1981;5199,166667;1981-06;460.500;3000
30.07.1981;4479;1981-07;409.284;3000
30.07.1981;4319,166667;1981-08;410.240;1500
30.07.1981;4159,333333;1981-09;443.773;1500
30.07.1981;3999,5;1981-10;437.680;1500
30.07.1981;3839,666667;1981-11;413.405;1500
30.07.1981;3679,833333;1981-12;410.119;1500
01.01.1982;3520;1982-01;384.163;1500
01.01.1982;3992;1982-02;374.458;1500
03.03.1982;4464;1982-03;330.413;1500
03.03.1982;4050;1982-04;350.335;1500
03.03.1982;3636;1982-05;334.505;1500
03.03.1982;3222;1982-06;314.961;1500
03.03.1982;2808;1982-07;337.895;1500
03.03.1982;2394;1982-08;363.413;1500
01.09.1982;1980;1982-09;438.150;1500
01.09.1982;2084;1982-10;422.786;1500
01.09.1982;2188;1982-11;415.114;1500
01.09.1982;2292;1982-12;444.776;1500
01.01.1983;2396;1983-01;481.838;1500
01.01.1983;2344;1983-02;493.488;1500
01.01.1983;2292;1983-03;420.707;1500
01.01.1983;2240;1983-04;433.171;1500
01.01.1983;2188;1983-05;437.393;1500
01.01.1983;2136;1983-06;413.148;1500
01.01.1983;2084;1983-07;422.645;1500
01.01.1983;2032;1983-08;416.205;1500
01.09.1983;1980;1983-09;412.245;1500
01.09.1983;1829,75;1983-10;394.245;1500
01.09.1983;1679,5;1983-11;381.016;1500
01.09.1983;1529,25;1983-12;388.060;1500
01.01.1984;1379;1984-01;370.735;1000
01.01.1984;1371;1984-02;386.038;1000
01.01.1984;1363;1984-03;394.743;1000
01.01.1984;1355;1984-04;381.371;1000
01.01.1984;1347;1984-05;376.957;1000
01.01.1984;1339;1984-06;378.314;1000
30.07.1984;1331;1984-07;347.598;1000
30.07.1984;1255,833333;1984-08;347.677;1000
30.07.1984;1180,666667;1984-09;340.945;1000
30.07.1984;1105,5;1984-10;340.217;1000
30.07.1984;1030,333333;1984-11;341.286;1000
30.07.1984;955,166667;1984-12;319.622;1000
01.01.1985;880;1985-01;302.852;1000
01.01.1985;840;1985-02;299.833;1000
01.01.1985;800;1985-03;303.205;1000
01.01.1985;760;1985-04;324.883;1000
01.05.1985;720;1985-05;316.395;1000
02.06.1985;550;1985-06;316.298;1000
30.07.1985;350;1985-07;317.202;1000
30.07.1985;325;1985-08;330.131;1000
01.09.1985;300;1985-09;323.764;1000
29.10.1985;286,25;1985-10;326.093;1000
29.10.1985;272,5;1985-11;325.548;1000
01.12.1985;258,75;1985-12;321.985;1000
29.01.1986;245;1986-01;345.561;1000
29.01.1986;231,25;1986-02;339.053;1000
03.03.1986;217,5;1986-03;346.095;1000
01.04.1986;203,75;1986-04;340.716;1000
01.05.1986;190;1986-05;342.325;1000
02.06.1986;188,25;1986-06;342.798;1000
30.07.1986;186,5;1986-07;348.554;1000
30.07.1986;184,75;1986-08;376.290;1000
01.09.1986;183;1986-09;418.152;1000
01.10.1986;181,25;1986-10;423.863;1000
01.10.1986;179,5;1986-11;396.983;1000
01.12.1986;177,75;1986-12;391.595;1000
29.01.1987;176;1987-01;408.524;800
29.01.1987;166,5;1987-02;401.045;800
03.03.1987;157;1987-03;408.848;800
01.04.1987;154;1987-04;439.665;800
01.05.1987;155,8;1987-05;461.650;800
02.06.1987;157,6;1987-06;449.282;800
30.07.1987;159,4;1987-07;450.330;800
30.07.1987;161,2;1987-08;460.988;800
01.09.1987;163;1987-09;460.120;800
29.10.1987;167,75;1987-10;465.764;800
29.10.1987;172,5;1987-11;468.140;800
01.12.1987;177,25;1987-12;487.079;800
29.01.1988;182;1988-01;477.758;800
29.01.1988;190,5;1988-02;442.124;800
03.03.1988;199;1988-03;443.491;800
03.03.1988;275,5;1988-04;451.558;800
01.05.1988;352;1988-05;451.320;800
02.06.1988;428,5;1988-06;451.657;800
30.07.1988;505;1988-07;437.452;800
30.07.1988;490,363636;1988-08;431.064;800
01.09.1988;475,727273;1988-09;413.439;800
29.10.1988;461,090909;1988-10;406.390;800
29.10.1988;446,454545;1988-11;419.966;800
01.12.1988;431,818182;1988-12;419.248;800
29.01.1989;417,181818;1989-01;404.445;800
29.01.1989;402,545455;1989-02;387.973;800
03.03.1989;387,909091;1989-03;390.274;800
01.04.1989;373,272727;1989-04;384.720;800
01.04.1989;358,636364;1989-05;371.350;800
02.06.1989;344;1989-06;367.727;800
30.07.1989;188;1989-07;375.210;800
30.07.1989;164,333333;1989-08;365.548;800
01.09.1989;140,666667;1989-09;361.798;800
29.10.1989;117;1989-10;366.800;800
29.10.1989;115;1989-11;394.361;800
01.12.1989;113;1989-12;409.655;800
01.01.1990;106;1990-01;410.118;800
01.01.1990;102,15;1990-02;416.543;800
03.03.1990;98,3;1990-03;393.661;600
03.03.1990;95,366667;1990-04;374.929;600
01.05.1990;92,433333;1990-05;368.855;600
02.06.1990;89,5;1990-06;352.657;600
30.07.1990;81,1;1990-07;361.820;600
30.07.1990;76,3;1990-08;394.861;600
01.09.1990;71,5;1990-09;389.560;600
29.10.1990;51;1990-10;381.333;600
29.10.1990;48,25;1990-11;381.866;600
01.12.1990;45,5;1990-12;378.161;600
29.01.1991;44,5;1991-01;384.591;600
29.01.1991;44,75;1991-02;363.748;600
03.03.1991;45;1991-03;363.390;600
01.04.1991;44,6;1991-04;358.055;600
01.05.1991;44,2;1991-05;357.117;600
02.06.1991;43,8;1991-06;366.360;600
30.07.1991;41,3;1991-07;368.013;600
30.07.1991;43,8;1991-08;356.721;600
01.09.1991;46,3;1991-09;348.460;600
29.10.1991;39,8;1991-10;358.826;600
29.10.1991;38,633333;1991-11;359.960;600
01.12.1991;37,466667;1991-12;361.875;600
29.01.1992;36,3;1992-01;354.436;600
29.01.1992;35,8;1992-02;353.853;600
03.03.1992;35,3;1992-03;344.641;600
01.04.1992;34,8;1992-04;338.728;600
01.05.1992;30;1992-05;337.039;600
02.06.1992;32,5;1992-06;340.784;600
30.07.1992;31;1992-07;352.452;600
30.07.1992;29,25;1992-08;343.603;600
01.09.1992;27,5;1992-09;345.300;600
29.10.1992;26,3;1992-10;344.277;600
29.10.1992;26,7;1992-11;334.924;600
01.12.1992;27,1;1992-12;334.657;600
29.01.1993;27,5;1993-01;328.993;350
29.01.1993;28;1993-02;329.310;350
03.03.1993;28,5;1993-03;329.974;350
01.04.1993;29;1993-04;341.948;350
01.05.1993;29,5;1993-05;367.045;350
02.06.1993;30;1993-06;371.914;350
30.07.1993;32,45;1993-07;392.034;350
30.07.1993;34,9;1993-08;379.795;350
01.09.1993;37,35;1993-09;355.561;350
29.10.1993;39,8;1993-10;364.005;350
29.10.1993;37,8;1993-11;373.939;350
01.12.1993;35,8;1993-12;383.243;350
29.01.1994;35,866667;1994-01;387.110;350
29.01.1994;35,933333;1994-02;381.658;350
03.03.1994;36;1994-03;384.000;350
01.04.1994;37,3;1994-04;377.908;350
01.05.1994;37,2;1994-05;381.343;350
02.06.1994;37,1;1994-06;385.714;350
30.07.1994;37;1994-07;385.450;350
30.07.1994;35,5;1994-08;380.207;350
01.09.1994;34;1994-09;391.348;350
29.10.1994;32,3;1994-10;390.164;350
29.10.1994;32,2;1994-11;384.377;350
01.12.1994;32,1;1994-12;379.480;350
29.01.1995;32;1995-01;378.738;350
29.01.1995;31,733333;1995-02;376.745;350
03.03.1995;31,466667;1995-03;381.820;350
01.04.1995;31,2;1995-04;391.339;350
01.05.1995;31,15;1995-05;385.231;350
02.06.1995;31,1;1995-06;387.618;350
30.07.1995;30,6;1995-07;386.138;350
30.07.1995;31,85;1995-08;383.502;350
01.09.1995;33,1;1995-09;382.931;350
29.10.1995;30,9;1995-10;383.202;350
29.10.1995;30,2;1995-11;385.209;350
01.12.1995;29,5;1995-12;387.445;350
29.01.1996;28,8;1996-01;398.695;250
29.01.1996;27,45;1996-02;404.919;250
03.03.1996;26,1;1996-03;396.512;250
01.04.1996;24,7;1996-04;392.870;250
01.05.1996;17,2;1996-05;391.990;250
02.06.1996;14,9;1996-06;385.245;250
30.07.1996;9,06;1996-07;383.457;250
30.07.1996;8,75;1996-08;387.510;250
01.09.1996;8,44;1996-09;383.290;250
29.10.1996;5,25;1996-10;380.909;250
29.10.1996;4,71;1996-11;377.869;250
01.12.1996;4,17;1996-12;369.338;250
29.01.1997;3,63;1997-01;355.025;250
29.01.1997;3,315;1997-02;346.400;250
03.03.1997;3;1997-03;352.311;250
01.04.1997;3,23;1997-04;344.707;250
01.05.1997;3,46;1997-05;344.100;250
02.06.1997;3,69;1997-06;340.805;250
30.07.1997;4,13;1997-07;323.780;250
30.07.1997;3,88;1997-08;323.998;250
01.09.1997;3,63;1997-09;322.616;250
29.10.1997;3,25;1997-10;324.863;250
29.10.1997;2,705;1997-11;306.345;250
01.12.1997;2,16;1997-12;288.776;250
29.01.1998;0,91;1998-01;289.264;250
29.01.1998;0,94;1998-02;297.743;250
03.03.1998;0,97;1998-03;295.870;250
01.04.1998;1,22;1998-04;308.558;250
01.05.1998;1,19;1998-05;298.971;250
02.06.1998;0,97;1998-06;292.223;250
30.07.1998;1,03;1998-07;292.874;250
30.07.1998;1;1998-08;284.228;250
01.09.1998;0,97;1998-09;288.661;250
29.10.1998;0,84;1998-10;296.595;250
29.10.1998;1,04;1998-11;294.243;250
01.12.1998;1,24;1998-12;291.357;250
29.01.1999;1,44;1999-01;287.333;250
16.02.1999;0,84;1999-02;287.495;180
03.03.1999;1,25;1999-03;286.243;180
01.04.1999;;1999-04;282.620;180
01.05.1999;0,86;1999-05;276.932;180
01.05.1999;;1999-06;261.402;180
01.07.1999;0,78;1999-07;256.198;180
01.07.1999;;1999-08;256.936;180
01.09.1999;0,87;1999-09;264.470;180
29.10.1999;1,34;1999-10;311.562;180
29.10.1999;;1999-11;293.650;180
01.12.1999;2,35;1999-12;283.743;180
29.01.2000;1,48;2000-01;284.590;180
29.01.2000;;2000-02;300.855;180
03.03.2000;1,08;2000-03;286.704;180
01.04.2000;0,84;2000-04;279.961;180
01.05.2000;0,7;2000-05;275.293;180
02.06.2000;0,9;2000-06;285.368;180
30.07.2000;0,84;2000-07;282.152;180
30.07.2000;;2000-08;274.523;180
01.09.2000;1,07;2000-09;273.676;180
29.10.2000;1,12;2000-10;270.405;180
29.10.2000;;2000-11;265.989;180
01.12.2000;0,9;2000-12;271.892;180
29.01.2001;0,464;2001-01;265.934;130
29.01.2001;;2001-02;262.018;130
03.03.2001;;2001-03;263.273;130
01.04.2001;0,383;2001-04;260.750;130
01.05.2001;0,387;2001-05;272.057;130
02.06.2001;0,305;2001-06;270.738;130
30.07.2001;0,191;2001-07;267.707;130
30.07.2001;;2001-08;272.657;130
01.09.2001;;2001-09;282.478;130
08.10.2001;0,148;2001-10;283.322;130
08.10.2001;;2001-11;276.248;130
08.10.2001;;2001-12;275.992;130
29.01.2002;0,134;2002-01;281.764;130
12.02.2002;0,207;2002-02;295.683;130
12.02.2002;;2002-03;294.353;130
01.04.2002;0,193;2002-04;302.862;130
01.05.2002;;2002-05;314.480;130
02.06.2002;0,33;2002-06;321.536;130
30.07.2002;0,193;2002-07;313.567;130
30.07.2002;;2002-08;310.045;130
30.07.2002;;2002-09;318.800;130
01.10.2002;;2002-10;316.748;130
01.10.2002;;2002-11;319.255;130
01.10.2002;;2002-12;333.300;130
01.10.2002;;2003-01;356.864;130
01.10.2002;;2003-02;359.575;130
03.03.2003;0,176;2003-03;341.564;90
01.04.2003;0,076;2003-04;328.208;90
01.05.2003;0,126;2003-05;355.405;90
02.06.2003;0,115;2003-06;356.912;90
30.07.2003;0,129;2003-07;350.765;90
30.07.2003;;2003-08;358.993;90
01.09.2003;0,143;2003-09;378.859;90
29.10.2003;0,16;2003-10;379.093;90
29.10.2003;;2003-11;390.200;90
27.12.2003;0,166;2003-12;407.674;90
29.01.2004;0,148;2004-01;414.495;90
29.01.2004;;2004-02;404.730;90
03.03.2004;0,146;2004-03;405.976;90
03.03.2004;;2004-04;404.850;90
01.05.2004;0,156;2004-05;383.953;90
02.06.2004;0,203;2004-06;391.780;90
01.07.2004;0,176;2004-07;398.441;90
01.07.2004;;2004-08;400.133;90
01.07.2004;;2004-09;405.402;90
01.07.2004;;2004-10;420.210;90
01.07.2004;;2004-11;439.059;90
01.07.2004;;2004-12;442.974;90
01.07.2004;;2005-01;424.080;90
01.07.2004;;2005-02;423.430;90
01.07.2004;;2005-03;434.355;90
01.04.2005;0,185;2005-04;429.140;65
01.04.2005;;2005-05;422.903;65
02.06.2005;0,149;2005-06;430.302;65
02.06.2005;;2005-07;424.745;65
02.06.2005;;2005-08;437.773;65
02.06.2005;;2005-09;455.936;65
29.10.2005;0,116;2005-10;470.107;65
29.10.2005;;2005-11;476.668;65
01.12.2005;0,185;2005-12;509.423;65
01.12.2005;;2006-01;549.433;65
01.12.2005;;2006-02;555.518;65
03.03.2006;0,112;2006-03;557.215;65
03.03.2006;;2006-04;611.853;65
01.05.2006;0,073;2006-05;676.769;65
01.05.2006;;2006-06;597.898;65
01.07.2006;0,082;2006-07;633.093;65
01.07.2006;;2006-08;631.557;65
01.09.2006;0,073;2006-09;600.150;65
29.10.2006;0,098;2006-10;586.648;65
29.10.2006;;2006-11;626.825;65
27.12.2006;0,092;2006-12;629.513;65
29.01.2007;0,078;2007-01;630.352;45
29.01.2007;;2007-02;665.103;45
03.03.2007;0,066;2007-03;655.891;45
03.03.2007;;2007-04;680.008;45
01.05.2007;0,0464;2007-05;668.310;45
01.05.2007;;2007-06;655.714;45
01.07.2007;0,0386;2007-07;665.266;45
01.07.2007;;2007-08;664.530;45
01.09.2007;0,0351;2007-09;710.645;45
29.10.2007;0,0244;2007-10;754.480;45
29.10.2007;;2007-11;808.311;45
01.12.2007;;2007-12;803.618;45
29.01.2008;0,022;2008-01;887.784;45
29.01.2008;;2008-02;924.283;45
29.01.2008;;2008-03;971.055;45
29.01.2008;;2008-04;911.600;45
01.05.2008;;2008-05;889.125;45
01.05.2008;;2008-06;889.536;45
30.07.2008;0,0176;2008-07;941.167;45
30.07.2008;;2008-08;840.388;45
01.09.2008;0,0146;2008-09;824.920;45
29.10.2008;0,011;2008-10;812.815;45
29.10.2008;;2008-11;757.850;45
01.12.2008;0,0098;2008-12;819.940;45
29.01.2009;0,0107;2009-01;857.726;32
29.01.2009;;2009-02;939.763;32
29.01.2009;;2009-03;925.989;32
01.04.2009;0,0105;2009-04;892.663;32
01.04.2009;;2009-05;926.855;32
02.06.2009;0,0115;2009-06;947.807;32
30.07.2009;0,0127;2009-07;934.272;32
30.07.2009;;2009-08;949.500;32
30.07.2009;;2009-09;996.443;32
01.10.2009;0,0183;2009-10;1043.511;32
01.10.2009;;2009-11;1126.119;32
01.12.2009;0,0205;2009-12;1135.012;32
29.01.2010;0,0202;2010-01;1119.575;32
29.01.2010;;2010-02;1095.800;32
03.03.2010;0,0195;2010-03;1115.554;32
03.03.2010;;2010-04;1148.475;32
01.05.2010;0,0242;2010-05;1204.321;32
01.05.2010;;2010-06;1232.382;32
30.07.2010;0,022;2010-07;1196.000;32
30.07.2010;;2010-08;1213.464;32
30.07.2010;;2010-09;1271.461;32
29.10.2010;0,0146;2010-10;1343.190;32
29.10.2010;;2010-11;1371.784;32
01.12.2010;0,0122;2010-12;1393.512;32
29.01.2011;0,0103;2011-01;1360.475;32
29.01.2011;;2011-02;1371.313;32
29.01.2011;;2011-03;1422.848;32
29.01.2011;;2011-04;1474.431;32
01.05.2011;0,01;2011-05;1512.188;32
02.06.2011;0,0085;2011-06;1528.380;32
02.06.2011;;2011-07;1568.526;32
02.06.2011;;2011-08;1759.500;32
01.09.2011;0,0054;2011-09;1780.648;32
01.10.2011;0,0051;2011-10;1667.893;32
01.10.2011;;2011-11;1735.977;32
01.10.2011;;2011-12;1652.725;32
29.01.2012;0,0049;2012-01;1656.095;22
29.01.2012;;2012-02;1743.095;22
29.01.2012;;2012-03;1675.057;22
01.04.2012;0,005;2012-04;1648.539;22
01.05.2012;0,0049;2012-05;1585.114;22
01.05.2012;;2012-06;1595.632;22
30.07.2012;0,0048;2012-07;1592.784;22
30.07.2012;;2012-08;1625.682;22
01.09.2012;0,004;2012-09;1741.925;22
29.10.2012;0,0037;2012-10;1746.348;22
29.10.2012;;2012-11;1724.352;22
29.10.2012;;2012-12;1687.342;22
29.01.2013;0,0054;2013-01;1671.886;22
29.01.2013;;2013-02;1630.688;22
29.01.2013;;2013-03;1591.013;22
29.01.2013;;2013-04;1485.905;22
01.05.2013;0,0067;2013-05;1416.143;22
02.06.2013;0,0061;2013-06;1342.700;22
30.07.2013;0,0073;2013-07;1284.348;22
30.07.2013;;2013-08;1345.048;22
01.09.2013;0,0065;2013-09;1348.464;22
29.10.2013;0,0085;2013-10;1314.402;22
29.10.2013;;2013-11;1277.417;22
01.12.2013;0,0079;2013-12;1221.588;22
29.01.2014;0,0095;2014-01;1243.068;22
29.01.2014;;2014-02;1298.713;14
03.03.2014;0,0079;2014-03;1336.560;14
01.04.2014;0,0073;2014-04;1299.175;14
01.04.2014;;2014-05;1288.913;14
02.06.2014;0,0079;2014-06;1277.857;14
30.07.2014;0,0085;2014-07;1312.989;14
30.07.2014;;2014-08;1297.005;14
01.09.2014;;2014-09;1241.330;14
29.10.2014;;2014-10;1223.565;14
29.10.2014;;2014-11;1176.413;14
29.10.2014;;2014-12;1200.440;14
29.01.2015;0,0073;2015-01;1249.333;14
29.01.2015;;2015-02;1231.100;14
29.01.2015;;2015-03;1180.636;14
01.04.2015;0,0061;2015-04;1198.253;14
01.05.2015;0,0056;2015-05;1197.684;14
01.05.2015;;2015-06;1182.248;14
30.07.2015;0,0045;2015-07;1131.580;14
30.07.2015;;2015-08;1117.525;14
01.09.2015;0,0043;2015-09;1124.905;14
29.10.2015;0,0038;2015-10;1157.123;14
29.10.2015;;2015-11;1088.388;14
